updated,country,countryInfo,cases,todayCases,deaths,todayDeaths,recovered,todayRecovered,active,critical,casesPerOneMillion,deathsPerOneMillion,tests,testsPerOneMillion,population,continent,oneCasePerPeople,oneDeathPerPeople,oneTestPerPeople,activePerOneMillion,recoveredPerOneMillion,criticalPerOneMillion
1712162258485,Afghanistan,"{'_id': 4, 'iso2': 'AF', 'iso3': 'AFG', 'lat': 33, 'long': 65, 'flag': 'https://disease.sh/assets/img/flags/af.png'}",232152,0,7985,0,210164,0,14003,0,5696,196,1366532,33531,40754388,Asia,176,5104,30,343.59,5156.84,0
1712162258478,Albania,"{'_id': 8, 'iso2': 'AL', 'iso3': 'ALB', 'lat': 41, 'long': 20, 'flag': 'https://disease.sh/assets/img/flags/al.png'}",334863,0,3605,0,330233,0,1025,0,116825,1258,1941032,677173,2866374,Europe,9,795,1,357.59,115209.32,0
1712162258480,Algeria,"{'_id': 12, 'iso2': 'DZ', 'iso3': 'DZA', 'lat': 28, 'long': 3, 'flag': 'https://disease.sh/assets/img/flags/dz.png'}",272010,0,6881,0,183061,0,82068,0,5998,152,230960,5093,45350148,Africa,167,6591,196,1809.65,4036.61,0
1712162258526,Andorra,"{'_id': 20, 'iso2': 'AD', 'iso3': 'AND', 'lat': 42.5, 'long': 1.6, 'flag': 'https://disease.sh/assets/img/flags/ad.png'}",48015,0,165,0,0,0,47850,0,619844,2130,249838,3225256,77463,Europe,2,469,0,617714.26,0,0
1712162258502,Angola,"{'_id': 24, 'iso2': 'AO', 'iso3': 'AGO', 'lat': -12.5, 'long': 18.5, 'flag': 'https://disease.sh/assets/img/flags/ao.png'}",107327,0,1937,0,103419,0,1971,0,3064,55,1499795,42818,35027343,Africa,326,18083,23,56.27,2952.52,0
1712162258588,Anguilla,"{'_id': 660, 'iso2': 'AI', 'iso3': 'AIA', 'lat': 18.25, 'long': -63.1667, 'flag': 'https://disease.sh/assets/img/flags/ai.png'}",3904,0,12,0,0,0,3892,0,256336,788,51382,3373736,15230,North America,4,1269,0,255548.26,0,0
1712162258576,Antigua and Barbuda,"{'_id': 28, 'iso2': 'AG', 'iso3': 'ATG', 'lat': 17.05, 'long': -61.8, 'flag': 'https://disease.sh/assets/img/flags/ag.png'}",9106,0,146,0,8954,0,6,0,91509,1467,18901,189943,99509,North America,11,682,5,60.3,89981.81,0
1712162258353,Argentina,"{'_id': 32, 'iso2': 'AR', 'iso3': 'ARG', 'lat': -34, 'long': -64, 'flag': 'https://disease.sh/assets/img/flags/ar.png'}",10094643,0,130733,0,9963910,0,0,0,219400,2841,35716069,776264,46010234,South America,5,352,1,0,216558.56,0
1712162258470,Armenia,"{'_id': 51, 'iso2': 'AM', 'iso3': 'ARM', 'lat': 40, 'long': 45, 'flag': 'https://disease.sh/assets/img/flags/am.png'}",451831,0,8777,0,435162,0,7892,0,152031,2953,3242901,1091164,2971966,Asia,7,339,1,2655.48,146422.27,0
1712162258529,Aruba,"{'_id': 533, 'iso2': 'AW', 'iso3': 'ABW', 'lat': 12.5, 'long': -69.9667, 'flag': 'https://disease.sh/assets/img/flags/aw.png'}",44224,0,292,0,42438,0,1494,2,410969,2714,177885,1653068,107609,North America,2,369,1,13883.6,394372.22,18.59
1712162258340,Australia,"{'_id': 36, 'iso2': 'AU', 'iso3': 'AUS', 'lat': -27, 'long': 133, 'flag': 'https://disease.sh/assets/img/flags/au.png'}",11846229,621,24360,2,11811795,0,10074,9,454422,934,81916639,3142326,26068792,Australia-Oceania,2,1070,0,386.44,453100.97,0.35
1712162258370,Austria,"{'_id': 40, 'iso2': 'AT', 'iso3': 'AUT', 'lat': 47.3333, 'long': 13.3333, 'flag': 'https://disease.sh/assets/img/flags/at.png'}",6081287,0,22542,0,6054934,0,3811,0,670727,2486,211273524,23302116,9066710,Europe,1,402,0,420.33,667820.41,0
1712162258453,Azerbaijan,"{'_id': 31, 'iso2': 'AZ', 'iso3': 'AZE', 'lat': 40.5, 'long': 47.5, 'flag': 'https://disease.sh/assets/img/flags/az.png'}",835136,0,10400,0,824089,0,647,0,81080,1010,7748050,752223,10300205,Asia,12,990,1,62.81,80007.05,0
1712162258534,Bahamas,"{'_id': 44, 'iso2': 'BS', 'iso3': 'BHS', 'lat': 24.25, 'long': -76, 'flag': 'https://disease.sh/assets/img/flags/bs.png'}",38084,0,844,0,36366,0,874,1,95087,2107,257839,643767,400516,North America,11,475,2,2182.18,90797.87,2.5
1712162258454,Bahrain,"{'_id': 48, 'iso2': 'BH', 'iso3': 'BHR', 'lat': 26, 'long': 50.55, 'flag': 'https://disease.sh/assets/img/flags/bh.png'}",729549,0,1574,0,727915,0,60,0,408944,882,10948549,6137138,1783983,Asia,2,1133,0,33.63,408027.99,0
1712162258417,Bangladesh,"{'_id': 50, 'iso2': 'BD', 'iso3': 'BGD', 'lat': 24, 'long': 90, 'flag': 'https://disease.sh/assets/img/flags/bd.png'}",2048914,0,29492,0,0,0,2019422,0,12204,176,15254399,90862,167885689,Asia,82,5693,11,12028.55,0,0
1712162258501,Barbados,"{'_id': 52, 'iso2': 'BB', 'iso3': 'BRB', 'lat': 13.1667, 'long': -59.5333, 'flag': 'https://disease.sh/assets/img/flags/bb.png'}",110575,0,648,0,108647,0,1280,0,383910,2250,814159,2826715,288023,North America,3,444,0,4444.09,377216.4,0
1712162258448,Belarus,"{'_id': 112, 'iso2': 'BY', 'iso3': 'BLR', 'lat': 53, 'long': 28, 'flag': 'https://disease.sh/assets/img/flags/by.png'}",994037,0,7118,0,985592,0,1327,0,105381,755,13646641,1446722,9432800,Europe,9,1325,1,140.68,104485.62,0
1712162258384,Belgium,"{'_id': 56, 'iso2': 'BE', 'iso3': 'BEL', 'lat': 50.8333, 'long': 4, 'flag': 'https://disease.sh/assets/img/flags/be.png'}",4861523,0,34376,0,4826361,38,786,0,416644,2946,37454182,3209915,11668278,Europe,2,339,0,67.36,413630.96,0
1712162258516,Belize,"{'_id': 84, 'iso2': 'BZ', 'iso3': 'BLZ', 'lat': 17.25, 'long': -88.75, 'flag': 'https://disease.sh/assets/img/flags/bz.png'}",71381,0,688,0,0,0,70693,0,173175,1669,576016,1397453,412190,North America,6,599,1,171505.86,0,0
1712162258541,Benin,"{'_id': 204, 'iso2': 'BJ', 'iso3': 'BEN', 'lat': 9.5, 'long': 2.25, 'flag': 'https://disease.sh/assets/img/flags/bj.png'}",28036,0,163,0,27847,0,26,0,2193,13,604310,47268,12784726,Africa,456,78434,21,2.03,2178.15,0
1712162258552,Bermuda,"{'_id': 60, 'iso2': 'BM', 'iso3': 'BMU', 'lat': 32.3333, 'long': -64.75, 'flag': 'https://disease.sh/assets/img/flags/bm.png'}",18860,0,165,0,18685,0,10,0,304493,2664,1029558,16622128,61939,North America,3,375,0,161.45,301667.77,0
1712162258522,Bhutan,"{'_id': 64, 'iso2': 'BT', 'iso3': 'BTN', 'lat': 27.5, 'long': 90.5, 'flag': 'https://disease.sh/assets/img/flags/bt.png'}",62697,0,21,0,61564,0,1112,0,79571,27,2303734,2923739,787941,Asia,13,37521,0,1411.27,78132.75,0
1712162258437,Bolivia,"{'_id': 68, 'iso2': 'BO', 'iso3': 'BOL', 'lat': -17, 'long': -65, 'flag': 'https://disease.sh/assets/img/flags/bo.png'}",1211716,0,22407,0,1177145,0,12164,220,101038,1868,2710261,225993,11992656,South America,10,535,4,1014.29,98155.49,18.34
1712162258471,Bosnia,"{'_id': 70, 'iso2': 'BA', 'iso3': 'BIH', 'lat': 44, 'long': 18, 'flag': 'https://disease.sh/assets/img/flags/ba.png'}",403603,0,16387,0,379084,0,8132,0,124212,5043,1884721,580036,3249317,Europe,8,198,2,2502.68,116665.75,0
1712162258478,Botswana,"{'_id': 72, 'iso2': 'BW', 'iso3': 'BWA', 'lat': -22, 'long': 24, 'flag': 'https://disease.sh/assets/img/flags/bw.png'}",330635,0,2801,0,327049,0,785,1,135442,1147,2026898,830300,2441162,Africa,7,872,1,321.57,133972.67,0.41
1712162258330,Brazil,"{'_id': 76, 'iso2': 'BR', 'iso3': 'BRA', 'lat': -10, 'long': -55, 'flag': 'https://disease.sh/assets/img/flags/br.png'}",38729836,0,711249,0,36249161,0,1769426,0,179843,3303,63776166,296146,215353593,South America,6,303,3,8216.38,168323.92,0
1712162258579,British Virgin Islands,"{'_id': 92, 'iso2': 'VG', 'iso3': 'VGB', 'lat': 18.5, 'long': -64.5, 'flag': 'https://disease.sh/assets/img/flags/vg.png'}",7392,0,64,0,0,0,7328,0,241600,2092,107339,3508269,30596,North America,4,478,0,239508.43,0,0
1712162258477,Brunei,"{'_id': 96, 'iso2': 'BN', 'iso3': 'BRN', 'lat': 4.5, 'long': 114.6667, 'flag': 'https://disease.sh/assets/img/flags/bn.png'}",343469,0,225,0,243601,0,99643,3,771094,505,717784,1611437,445431,Asia,1,1980,1,223700.19,546888.29,6.74
1712162258431,Bulgaria,"{'_id': 100, 'iso2': 'BG', 'iso3': 'BGR', 'lat': 43, 'long': 25, 'flag': 'https://disease.sh/assets/img/flags/bg.png'}",1339796,0,38746,0,1292927,0,8123,22,195745,5661,11665076,1704275,6844597,Europe,5,177,1,1186.78,188897.46,3.21
1712162258548,Burkina Faso,"{'_id': 854, 'iso2': 'BF', 'iso3': 'BFA', 'lat': 13, 'long': -2, 'flag': 'https://disease.sh/assets/img/flags/bf.png'}",22109,0,400,0,21596,0,113,0,1000,18,248995,11265,22102838,Africa,1000,55257,89,5.11,977.07,0
1712162258523,Burundi,"{'_id': 108, 'iso2': 'BI', 'iso3': 'BDI', 'lat': -3.5, 'long': 30, 'flag': 'https://disease.sh/assets/img/flags/bi.png'}",54721,0,38,0,53569,0,1114,0,4334,3,345742,27386,12624840,Africa,231,332233,37,88.24,4243.14,0
1712162258519,Cabo Verde,"{'_id': 132, 'iso2': 'CV', 'iso3': 'CPV', 'lat': 16, 'long': -24, 'flag': 'https://disease.sh/assets/img/flags/cv.png'}",64477,0,417,0,63755,0,305,23,113580,735,401622,707482,567678,Africa,9,1361,1,537.28,112308.39,40.52
1712162258497,Cambodia,"{'_id': 116, 'iso2': 'KH', 'iso3': 'KHM', 'lat': 13, 'long': 105, 'flag': 'https://disease.sh/assets/img/flags/kh.png'}",139100,0,3056,0,136044,0,0,0,8102,178,3091420,180062,17168639,Asia,123,5618,6,0,7923.98,0
1712162258499,Cameroon,"{'_id': 120, 'iso2': 'CM', 'iso3': 'CMR', 'lat': 6, 'long': 12, 'flag': 'https://disease.sh/assets/img/flags/cm.png'}",125379,0,1974,0,123280,0,125,0,4492,71,1751774,62762,27911548,Africa,223,14140,16,4.48,4416.81,0
1712162258382,Canada,"{'_id': 124, 'iso2': 'CA', 'iso3': 'CAN', 'lat': 60, 'long': -95, 'flag': 'https://disease.sh/assets/img/flags/ca.png'}",4944196,0,58972,0,4877631,470,7593,99,128794,1536,66572774,1734189,38388419,North America,8,651,1,197.79,127059.96,2.58
1712162258569,Caribbean Netherlands,"{'_id': 535, 'iso2': 'BQ', 'iso3': 'BES', 'lat': 12.2, 'long': -68.26, 'flag': 'https://disease.sh/assets/img/flags/bq.png'}",11682,0,38,0,10476,0,1168,0,438398,1426,30126,1130559,26647,North America,2,701,1,43832.33,393139.94,0
1712162258539,Cayman Islands,"{'_id': 136, 'iso2': 'KY', 'iso3': 'CYM', 'lat': 19.5, 'long': -80.5, 'flag': 'https://disease.sh/assets/img/flags/ky.png'}",31472,0,37,0,8553,0,22882,1,467797,550,222773,3311280,67277,North America,2,1818,0,340116.24,127131.11,14.86
1712162258561,Central African Republic,"{'_id': 140, 'iso2': 'CF', 'iso3': 'CAF', 'lat': 7, 'long': 21, 'flag': 'https://disease.sh/assets/img/flags/cf.png'}",15440,0,113,0,15200,0,127,2,3078,23,81294,16205,5016678,Africa,325,44395,62,25.32,3029.89,0.4
1712162258579,Chad,"{'_id': 148, 'iso2': 'TD', 'iso3': 'TCD', 'lat': 15, 'long': 19, 'flag': 'https://disease.sh/assets/img/flags/td.png'}",7701,0,194,0,4874,0,2633,0,442,11,191341,10988,17413580,Africa,2261,89761,91,151.2,279.9,0
1712162258502,Channel Islands,"{'_id': 832, 'iso2': 'JE', 'iso3': 'JEY', 'lat': 49.21, 'long': -2.13, 'flag': 'https://disease.sh/assets/img/flags/je.png'}",101717,0,228,0,101321,0,168,0,576421,1292,1252808,7099551,176463,Europe,2,774,0,952.04,574177.02,0
1712162258377,Chile,"{'_id': 152, 'iso2': 'CL', 'iso3': 'CHL', 'lat': -30, 'long': -71, 'flag': 'https://disease.sh/assets/img/flags/cl.png'}",5383638,2125,64497,0,5252450,0,66691,7,279667,3350,50382097,2617225,19250195,South America,4,298,0,3464.43,272851.78,0.36
1712162258600,China,"{'_id': 156, 'iso2': 'CN', 'iso3': 'CHN', 'lat': 35, 'long': 105, 'flag': 'https://disease.sh/assets/img/flags/cn.png'}",503302,0,5272,0,379053,0,118977,0,347,4,160000000,110461,1448471400,Asia,2878,274748,9,82.14,261.69,0
1712162258367,Colombia,"{'_id': 170, 'iso2': 'CO', 'iso3': 'COL', 'lat': 4, 'long': -72, 'flag': 'https://disease.sh/assets/img/flags/co.png'}",6400173,0,143200,0,6212152,0,44821,342,124244,2780,36951507,717327,51512762,South America,8,360,1,870.1,120594.43,6.64
1712162258575,Comoros,"{'_id': 174, 'iso2': 'KM', 'iso3': 'COM', 'lat': -12.1667, 'long': 44.25, 'flag': 'https://disease.sh/assets/img/flags/km.png'}",9109,0,161,0,8939,0,9,0,10038,177,0,0,907419,Africa,100,5636,0,9.92,9851.02,0
1712162258546,Congo,"{'_id': 178, 'iso2': 'CG', 'iso3': 'COG', 'lat': -1, 'long': 15, 'flag': 'https://disease.sh/assets/img/flags/cg.png'}",25375,0,386,0,24006,0,983,0,4377,67,347815,59991,5797805,Africa,228,15020,17,169.55,4140.53,0
1712162258580,Cook Islands,"{'_id': 184, 'iso2': 'CK', 'iso3': 'COK', 'lat': -21.2333, 'long': -159.7667, 'flag': 'https://disease.sh/assets/img/flags/ck.png'}",7203,0,2,0,7150,0,51,0,409937,114,19690,1120596,17571,Australia-Oceania,2,8786,1,2902.51,406920.49,0
1712162258436,Costa Rica,"{'_id': 188, 'iso2': 'CR', 'iso3': 'CRI', 'lat': 10, 'long': -84, 'flag': 'https://disease.sh/assets/img/flags/cr.png'}",1238883,0,9428,0,0,0,1229455,0,239058,1819,4659757,899158,5182354,North America,4,550,1,237238.71,0,0
1712162258432,Croatia,"{'_id': 191, 'iso2': 'HR', 'iso3': 'HRV', 'lat': 45.1667, 'long': 15.5, 'flag': 'https://disease.sh/assets/img/flags/hr.png'}",1309728,0,18687,0,1258432,0,32609,0,322650,4604,5660084,1394355,4059286,Europe,3,217,1,8033.19,310013.14,0
1712162258440,Cuba,"{'_id': 192, 'iso2': 'CU', 'iso3': 'CUB', 'lat': 21.5, 'long': -80, 'flag': 'https://disease.sh/assets/img/flags/cu.png'}",1115251,0,8530,0,1106659,0,62,0,98645,754,14402486,1273919,11305652,North America,10,1325,1,5.48,97885.46,0
1712162258528,Curaçao,"{'_id': 531, 'iso2': 'CW', 'iso3': 'CUW', 'lat': 12.15, 'long': -68.97, 'flag': 'https://disease.sh/assets/img/flags/cw.png'}",45986,0,295,0,44720,0,971,3,277812,1782,496693,3000640,165529,North America,4,561,0,5866.04,270164.14,18.12
1712162258455,Cyprus,"{'_id': 196, 'iso2': 'CY', 'iso3': 'CYP', 'lat': 35, 'long': 33, 'flag': 'https://disease.sh/assets/img/flags/cy.png'}",681110,0,1365,0,679745,0,0,0,556741,1116,9640118,7879860,1223387,Asia,2,896,0,0,555625.49,0
1712162258392,Czechia,"{'_id': 203, 'iso2': 'CZ', 'iso3': 'CZE', 'lat': 49.75, 'long': 15.5, 'flag': 'https://disease.sh/assets/img/flags/cz.png'}",4759041,0,43517,0,4715206,0,318,2,443246,4053,57834241,5386552,10736784,Europe,2,247,0,29.62,439163.72,0.19
1712162258511,Côte d'Ivoire,"{'_id': 384, 'iso2': 'CI', 'iso3': 'CIV', 'lat': 8, 'long': -5, 'flag': 'https://disease.sh/assets/img/flags/ci.png'}",88384,0,835,0,87497,0,52,0,3186,30,1690934,60951,27742298,Africa,314,33224,16,1.87,3153.92,0
1712162258504,DRC,"{'_id': 180, 'iso2': 'CD', 'iso3': 'COD', 'lat': 0, 'long': 25, 'flag': 'https://disease.sh/assets/img/flags/cd.png'}",99338,0,1468,0,84489,0,13381,0,1043,15,846704,8890,95240792,Africa,959,64878,112,140.5,887.11,0
1712162258404,Denmark,"{'_id': 208, 'iso2': 'DK', 'iso3': 'DNK', 'lat': 56, 'long': 10, 'flag': 'https://disease.sh/assets/img/flags/dk.png'}",3183756,0,8814,0,3174942,0,0,0,545636,1511,129333107,22165247,5834950,Europe,2,662,0,0,544124.97,0
1712162258595,Diamond Princess,"{'_id': None, 'iso2': None, 'iso3': None, 'lat': 0, 'long': 0, 'flag': 'https://disease.sh/assets/img/flags/unknown.png'}",712,0,13,0,699,0,0,0,0,0,0,0,0,,0,0,0,0,0,0
1712162258560,Djibouti,"{'_id': 262, 'iso2': 'DJ', 'iso3': 'DJI', 'lat': 11.5, 'long': 43, 'flag': 'https://disease.sh/assets/img/flags/dj.png'}",15690,0,189,0,15427,0,74,0,15441,186,305941,301094,1016097,Africa,65,5376,3,72.83,15182.61,0
1712162258560,Dominica,"{'_id': 212, 'iso2': 'DM', 'iso3': 'DMA', 'lat': 15.4167, 'long': -61.3333, 'flag': 'https://disease.sh/assets/img/flags/dm.png'}",16038,0,74,0,15964,0,0,0,221691,1023,229344,3170187,72344,North America,5,978,0,0,220667.92,0
1712162258456,Dominican Republic,"{'_id': 214, 'iso2': 'DO', 'iso3': 'DOM', 'lat': 19, 'long': -70.6667, 'flag': 'https://disease.sh/assets/img/flags/do.png'}",675890,0,4384,0,671316,0,190,4,61131,397,3740928,338350,11056370,North America,16,2522,3,17.18,60717.58,0.36
1712162258441,Ecuador,"{'_id': 218, 'iso2': 'EC', 'iso3': 'ECU', 'lat': -2, 'long': -77.5, 'flag': 'https://disease.sh/assets/img/flags/ec.png'}",1070188,0,36043,0,1034145,0,0,0,59083,1990,3082403,170173,18113361,South America,17,503,6,0,57092.94,0
1712162258464,Egypt,"{'_id': 818, 'iso2': 'EG', 'iso3': 'EGY', 'lat': 27, 'long': 30, 'flag': 'https://disease.sh/assets/img/flags/eg.png'}",516023,0,24613,0,442182,0,49228,122,4861,232,3693367,34792,106156692,Africa,206,4313,29,463.73,4165.37,1.15
1712162258490,El Salvador,"{'_id': 222, 'iso2': 'SV', 'iso3': 'SLV', 'lat': 13.8333, 'long': -88.9167, 'flag': 'https://disease.sh/assets/img/flags/sv.png'}",201855,0,4230,0,179410,0,18215,0,30816,646,2610114,398467,6550389,North America,32,1549,3,2780.75,27389.21,0
1712162258555,Equatorial Guinea,"{'_id': 226, 'iso2': 'GQ', 'iso3': 'GNQ', 'lat': 2, 'long': 10, 'flag': 'https://disease.sh/assets/img/flags/gq.png'}",17229,0,183,0,16907,0,139,5,11512,122,365697,244342,1496662,Africa,87,8178,4,92.87,11296.47,3.34
1712162258571,Eritrea,"{'_id': 232, 'iso2': 'ER', 'iso3': 'ERI', 'lat': 15, 'long': 39, 'flag': 'https://disease.sh/assets/img/flags/er.png'}",10189,0,103,0,10086,0,0,0,2782,28,23693,6470,3662244,Africa,359,35556,155,0,2754.05,0
1712162258461,Estonia,"{'_id': 233, 'iso2': 'EE', 'iso3': 'EST', 'lat': 59, 'long': 26, 'flag': 'https://disease.sh/assets/img/flags/ee.png'}",628044,38,3001,0,0,0,625043,0,475103,2270,6953709,5260350,1321910,Europe,2,440,0,472833.25,0,0
1712162258467,Ethiopia,"{'_id': 231, 'iso2': 'ET', 'iso3': 'ETH', 'lat': 8, 'long': 38, 'flag': 'https://disease.sh/assets/img/flags/et.png'}",501157,0,7574,0,488171,0,5412,0,4148,63,5565340,46066,120812698,Africa,241,15951,22,44.8,4040.73,0
1712162258593,Falkland Islands (Malvinas),"{'_id': 238, 'iso2': 'FK', 'iso3': 'FLK', 'lat': -51.75, 'long': -59, 'flag': 'https://disease.sh/assets/img/flags/fk.png'}",1930,0,0,0,1930,0,0,0,545352,0,8632,2439107,3539,South America,2,0,0,0,545351.79,0
1712162258537,Faroe Islands,"{'_id': 234, 'iso2': 'FO', 'iso3': 'FRO', 'lat': 62, 'long': -7, 'flag': 'https://disease.sh/assets/img/flags/fo.png'}",34658,0,28,0,0,0,34630,0,703959,569,778000,15802409,49233,Europe,1,1758,0,703390,0,0
1712162258517,Fiji,"{'_id': 242, 'iso2': 'FJ', 'iso3': 'FJI', 'lat': -18, 'long': 175, 'flag': 'https://disease.sh/assets/img/flags/fj.png'}",69117,0,885,0,67226,0,1006,0,75997,973,672883,739866,909466,Australia-Oceania,13,1028,1,1106.14,73918.1,0
1712162258426,Finland,"{'_id': 246, 'iso2': 'FI', 'iso3': 'FIN', 'lat': 64, 'long': 26, 'flag': 'https://disease.sh/assets/img/flags/fi.png'}",1516045,0,11958,0,1503829,13,258,0,272917,2153,12108977,2179850,5554960,Europe,4,465,0,46.44,270718.24,0
1712162258325,France,"{'_id': 250, 'iso2': 'FR', 'iso3': 'FRA', 'lat': 46, 'long': 2, 'flag': 'https://disease.sh/assets/img/flags/fr.png'}",40138560,0,167642,0,39970918,0,0,0,612013,2556,271490188,4139547,65584518,Europe,2,391,0,0,609456.61,0
1712162258505,French Guiana,"{'_id': 254, 'iso2': 'GF', 'iso3': 'GUF', 'lat': 4, 'long': -53, 'flag': 'https://disease.sh/assets/img/flags/gf.png'}",98041,0,420,0,11254,0,86367,6,312065,1337,651257,2072951,314169,South America,3,748,0,274906.18,35821.48,19.1
1712162258513,French Polynesia,"{'_id': 258, 'iso2': 'PF', 'iso3': 'PYF', 'lat': -15, 'long': -140, 'flag': 'https://disease.sh/assets/img/flags/pf.png'}",79254,0,650,0,0,0,78604,0,278902,2287,0,0,284164,Australia-Oceania,4,437,0,276614.91,0,0
1712162258525,Gabon,"{'_id': 266, 'iso2': 'GA', 'iso3': 'GAB', 'lat': -1, 'long': 11.75, 'flag': 'https://disease.sh/assets/img/flags/ga.png'}",49051,0,307,0,48674,0,70,0,21038,132,1621909,695641,2331533,Africa,48,7595,1,30.02,20876.39,0
1712162258565,Gambia,"{'_id': 270, 'iso2': 'GM', 'iso3': 'GMB', 'lat': 13.4667, 'long': -16.5667, 'flag': 'https://disease.sh/assets/img/flags/gm.png'}",12626,0,372,0,12189,0,65,0,4935,145,155686,60851,2558482,Africa,203,6878,16,25.41,4764.15,0
1712162258420,Georgia,"{'_id': 268, 'iso2': 'GE', 'iso3': 'GEO', 'lat': 42, 'long': 43.5, 'flag': 'https://disease.sh/assets/img/flags/ge.png'}",1861665,0,17132,0,0,0,1844533,0,469082,4317,16920079,4263340,3968738,Asia,2,232,0,464765.63,0,0
1712162258328,Germany,"{'_id': 276, 'iso2': 'DE', 'iso3': 'DEU', 'lat': 51, 'long': 9, 'flag': 'https://disease.sh/assets/img/flags/de.png'}",38827040,0,182917,0,38240600,0,403523,0,462868,2181,122332384,1458359,83883596,Europe,2,459,1,4810.51,455876.98,0
1712162258495,Ghana,"{'_id': 288, 'iso2': 'GH', 'iso3': 'GHA', 'lat': 8, 'long': -2, 'flag': 'https://disease.sh/assets/img/flags/gh.png'}",171889,0,1462,0,170425,0,2,0,5306,45,2541625,78456,32395450,Africa,188,22158,13,0.06,5260.77,0
1712162258550,Gibraltar,"{'_id': 292, 'iso2': 'GI', 'iso3': 'GIB', 'lat': 36.1833, 'long': -5.3667, 'flag': 'https://disease.sh/assets/img/flags/gi.png'}",20550,0,113,0,0,0,20437,0,609720,3353,534283,15852213,33704,Europe,2,298,0,606367.2,0,0
1712162258368,Greece,"{'_id': 300, 'iso2': 'GR', 'iso3': 'GRC', 'lat': 39, 'long': 22, 'flag': 'https://disease.sh/assets/img/flags/gr.png'}",6101379,0,37869,0,0,0,6063510,0,591412,3671,102228365,9909078,10316637,Europe,2,272,0,587740.95,0,0
1712162258567,Greenland,"{'_id': 304, 'iso2': 'GL', 'iso3': 'GRL', 'lat': 72, 'long': -40, 'flag': 'https://disease.sh/assets/img/flags/gl.png'}",11971,0,21,0,2761,0,9189,4,210117,369,164926,2894810,56973,North America,5,2713,0,161286.93,48461.55,70.21
1712162258551,Grenada,"{'_id': 308, 'iso2': 'GD', 'iso3': 'GRD', 'lat': 12.1167, 'long': -61.6667, 'flag': 'https://disease.sh/assets/img/flags/gd.png'}",19693,0,238,0,19358,0,97,4,173545,2097,182981,1612523,113475,North America,6,477,1,854.81,170592.64,35.25
1712162258489,Guadeloupe,"{'_id': 312, 'iso2': 'GP', 'iso3': 'GLP', 'lat': 16.25, 'long': -61.5833, 'flag': 'https://disease.sh/assets/img/flags/gp.png'}",203235,0,1021,0,0,0,202214,0,508349,2554,938039,2346306,399794,North America,2,392,0,505795.48,0,0
1712162258433,Guatemala,"{'_id': 320, 'iso2': 'GT', 'iso3': 'GTM', 'lat': 15.5, 'long': -90.25, 'flag': 'https://disease.sh/assets/img/flags/gt.png'}",1291293,0,20289,0,1269891,0,1113,5,69484,1092,7593848,408622,18584039,North America,14,916,2,59.89,68332.35,0.27
1712162258533,Guinea,"{'_id': 324, 'iso2': 'GN', 'iso3': 'GIN', 'lat': 11, 'long': -10, 'flag': 'https://disease.sh/assets/img/flags/gn.png'}",38572,0,468,0,37757,0,347,0,2782,34,660107,47607,13865691,Africa,359,29628,21,25.03,2723.05,0
1712162258574,Guinea-Bissau,"{'_id': 624, 'iso2': 'GW', 'iso3': 'GNB', 'lat': 12, 'long': -15, 'flag': 'https://disease.sh/assets/img/flags/gw.png'}",9614,0,177,0,8929,0,508,6,4659,86,145231,70385,2063367,Africa,215,11657,14,246.2,4327.39,2.91
1712162258515,Guyana,"{'_id': 328, 'iso2': 'GY', 'iso3': 'GUY', 'lat': 5, 'long': -59, 'flag': 'https://disease.sh/assets/img/flags/gy.png'}",74137,0,1300,0,72013,0,824,0,93366,1637,733218,923396,794045,South America,11,611,1,1037.72,90691.33,0
1712162258537,Haiti,"{'_id': 332, 'iso2': 'HT', 'iso3': 'HTI', 'lat': 19, 'long': -72.4167, 'flag': 'https://disease.sh/assets/img/flags/ht.png'}",34667,0,860,0,33734,0,73,0,2968,74,132422,11337,11680283,North America,337,13582,88,6.25,2888.11,0
1712162258597,Holy See (Vatican City State),"{'_id': 336, 'iso2': 'VA', 'iso3': 'VAT', 'lat': 41.9, 'long': 12.45, 'flag': 'https://disease.sh/assets/img/flags/va.png'}",29,0,0,0,29,0,0,0,36295,0,0,0,799,Europe,28,0,0,0,36295.37,0
1712162258470,Honduras,"{'_id': 340, 'iso2': 'HN', 'iso3': 'HND', 'lat': 15, 'long': -86.5, 'flag': 'https://disease.sh/assets/img/flags/hn.png'}",474590,0,11165,0,0,0,463425,0,46432,1092,1660662,162472,10221247,North America,22,915,6,45339.38,0,0
1712162258408,Hong Kong,"{'_id': 344, 'iso2': 'HK', 'iso3': 'HKG', 'lat': 22.25, 'long': 114.1667, 'flag': 'https://disease.sh/assets/img/flags/hk.png'}",2936109,0,14854,0,2914720,0,6535,0,386112,1953,76127725,10011143,7604299,Asia,3,512,0,859.38,383298.97,0
1712162258415,Hungary,"{'_id': 348, 'iso2': 'HU', 'iso3': 'HUN', 'lat': 47, 'long': 20, 'flag': 'https://disease.sh/assets/img/flags/hu.png'}",2230232,0,49048,0,2152155,0,29029,0,232164,5106,11394556,1186160,9606259,Europe,4,196,1,3021.88,224036.75,0
1712162258488,Iceland,"{'_id': 352, 'iso2': 'IS', 'iso3': 'ISL', 'lat': 65, 'long': -18, 'flag': 'https://disease.sh/assets/img/flags/is.png'}",209906,0,229,0,0,0,209677,0,607731,663,1996384,5780036,345393,Europe,2,1508,0,607067.89,0,0
1712162258324,India,"{'_id': 356, 'iso2': 'IN', 'iso3': 'IND', 'lat': 20, 'long': 77, 'flag': 'https://disease.sh/assets/img/flags/in.png'}",45034136,0,533547,0,0,0,44500589,0,32016,379,935879495,665334,1406631776,Asia,31,2636,2,31636.27,0,0
1712162258361,Indonesia,"{'_id': 360, 'iso2': 'ID', 'iso3': 'IDN', 'lat': -5, 'long': 120, 'flag': 'https://disease.sh/assets/img/flags/id.png'}",6829162,0,162063,0,6647104,0,19995,0,24465,581,114158919,408975,279134505,Asia,41,1722,2,71.63,23813.27,0
1712162258359,Iran,"{'_id': 364, 'iso2': 'IR', 'iso3': 'IRN', 'lat': 32, 'long': 53, 'flag': 'https://disease.sh/assets/img/flags/ir.png'}",7627186,0,146811,0,0,0,7480375,0,88665,1707,57320267,666338,86022837,Asia,11,586,2,86958.01,0,0
1712162258414,Iraq,"{'_id': 368, 'iso2': 'IQ', 'iso3': 'IRQ', 'lat': 33, 'long': 44, 'flag': 'https://disease.sh/assets/img/flags/iq.png'}",2465545,0,25375,0,2439497,0,673,0,58474,602,19544451,463523,42164965,Asia,17,1662,2,15.96,57856.02,0
1712162258423,Ireland,"{'_id': 372, 'iso2': 'IE', 'iso3': 'IRL', 'lat': 53, 'long': -8, 'flag': 'https://disease.sh/assets/img/flags/ie.png'}",1734582,0,9491,0,1724531,0,560,19,345521,1891,13083449,2606161,5020199,Europe,3,529,0,111.55,343518.45,3.78
1712162258535,Isle of Man,"{'_id': 833, 'iso2': 'IM', 'iso3': 'IMN', 'lat': 54.23, 'long': -4.55, 'flag': 'https://disease.sh/assets/img/flags/im.png'}",38008,0,116,0,0,0,37892,0,443335,1353,150753,1758422,85732,Europe,2,739,1,441981.99,0,0
1712162258386,Israel,"{'_id': 376, 'iso2': 'IL', 'iso3': 'ISR', 'lat': 31.5, 'long': 34.75, 'flag': 'https://disease.sh/assets/img/flags/il.png'}",4841772,0,12707,0,4798473,0,30592,0,519169,1363,41373364,4436346,9326000,Asia,2,734,0,3280.29,514526.38,0
1712162258334,Italy,"{'_id': 380, 'iso2': 'IT', 'iso3': 'ITA', 'lat': 42.8333, 'long': 12.8333, 'flag': 'https://disease.sh/assets/img/flags/it.png'}",26722745,0,196466,0,26357303,0,168976,25,443437,3260,281030509,4663418,60262770,Europe,2,307,0,2803.99,437372.91,0.41
1712162258496,Jamaica,"{'_id': 388, 'iso2': 'JM', 'iso3': 'JAM', 'lat': 18.25, 'long': -77.5, 'flag': 'https://disease.sh/assets/img/flags/jm.png'}",156869,0,3756,0,0,0,153113,0,52551,1258,1183986,396633,2985094,North America,19,795,3,51292.52,0,0
1712162258333,Japan,"{'_id': 392, 'iso2': 'JP', 'iso3': 'JPN', 'lat': 36, 'long': 138, 'flag': 'https://disease.sh/assets/img/flags/jp.png'}",33803572,0,74694,0,0,0,33728878,0,269169,595,100414883,799578,125584838,Asia,4,1681,1,268574.44,0,0
1712162258422,Jordan,"{'_id': 400, 'iso2': 'JO', 'iso3': 'JOR', 'lat': 31, 'long': 36, 'flag': 'https://disease.sh/assets/img/flags/jo.png'}",1746997,0,14122,0,1731007,0,1868,59,169597,1371,17201885,1669945,10300869,Asia,6,729,1,181.34,168044.75,5.73
1712162258428,Kazakhstan,"{'_id': 398, 'iso2': 'KZ', 'iso3': 'KAZ', 'lat': 48, 'long': 68, 'flag': 'https://disease.sh/assets/img/flags/kz.png'}",1411831,0,13848,0,1383020,0,14963,24,73514,721,11575012,602707,19205043,Asia,14,1387,2,779.12,72013.38,1.25
1712162258476,Kenya,"{'_id': 404, 'iso2': 'KE', 'iso3': 'KEN', 'lat': 1, 'long': 38, 'flag': 'https://disease.sh/assets/img/flags/ke.png'}",344130,0,5689,0,337309,0,1132,0,6122,101,3967062,70569,56215221,Africa,163,9881,14,20.14,6000.31,0
1712162258587,Kiribati,"{'_id': 296, 'iso2': 'KI', 'iso3': 'KIR', 'lat': 1.4167, 'long': 173, 'flag': 'https://disease.sh/assets/img/flags/ki.png'}",5085,0,24,0,2703,0,2358,3,41201,194,0,0,123419,Australia-Oceania,24,5142,0,19105.65,21901,24.31
1712162258458,Kuwait,"{'_id': 414, 'iso2': 'KW', 'iso3': 'KWT', 'lat': 29.3375, 'long': 47.6581, 'flag': 'https://disease.sh/assets/img/flags/kw.png'}",667158,0,2570,0,0,0,664588,0,152308,587,8455743,1930391,4380326,Asia,7,1704,1,151721.13,0,0
1712162258489,Kyrgyzstan,"{'_id': 417, 'iso2': 'KG', 'iso3': 'KGZ', 'lat': 41, 'long': 75, 'flag': 'https://disease.sh/assets/img/flags/kg.png'}",206897,0,2991,0,196406,0,7500,131,30750,445,1907195,283460,6728271,Asia,33,2250,4,1114.7,29191.15,19.47
1712162258487,Lao People's Democratic Republic,"{'_id': 418, 'iso2': 'LA', 'iso3': 'LAO', 'lat': 18, 'long': 105, 'flag': 'https://disease.sh/assets/img/flags/la.png'}",218966,1,758,0,0,0,218208,0,29270,101,1233207,164845,7481023,Asia,34,9869,6,29168.2,0,0
1712162258449,Latvia,"{'_id': 428, 'iso2': 'LV', 'iso3': 'LVA', 'lat': 57, 'long': 25, 'flag': 'https://disease.sh/assets/img/flags/lv.png'}",982399,0,6712,0,971406,0,4281,0,531361,3630,7885792,4265272,1848837,Europe,2,275,0,2315.51,525414.63,0
1712162258435,Lebanon,"{'_id': 422, 'iso2': 'LB', 'iso3': 'LBN', 'lat': 33.8333, 'long': 35.8333, 'flag': 'https://disease.sh/assets/img/flags/lb.png'}",1243838,0,10952,0,1087587,0,145299,74,186068,1638,4795578,717380,6684849,Asia,5,610,1,21735.57,162694.33,11.07
1712162258536,Lesotho,"{'_id': 426, 'iso2': 'LS', 'iso3': 'LSO', 'lat': -29.5, 'long': 28.5, 'flag': 'https://disease.sh/assets/img/flags/ls.png'}",36138,0,723,0,25980,0,9435,0,16610,332,431221,198199,2175699,Africa,60,3009,5,4336.54,11940.99,0
1712162258577,Liberia,"{'_id': 430, 'iso2': 'LR', 'iso3': 'LBR', 'lat': 6.5, 'long': -9.5, 'flag': 'https://disease.sh/assets/img/flags/lr.png'}",8090,0,295,0,7783,0,12,2,1525,56,139824,26356,5305117,Africa,656,17983,38,2.26,1467.07,0.38
1712162258466,Libyan Arab Jamahiriya,"{'_id': 434, 'iso2': 'LY', 'iso3': 'LBY', 'lat': 25, 'long': 17, 'flag': 'https://disease.sh/assets/img/flags/ly.png'}",507274,0,6437,0,500835,0,2,0,72048,914,2483848,352782,7040745,Africa,14,1094,3,0.28,71133.81,0
1712162258549,Liechtenstein,"{'_id': 438, 'iso2': 'LI', 'iso3': 'LIE', 'lat': 47.1667, 'long': 9.5333, 'flag': 'https://disease.sh/assets/img/flags/li.png'}",21574,0,94,0,0,0,21480,0,562013,2449,112457,2929559,38387,Europe,2,408,0,559564.44,0,0
1712162258429,Lithuania,"{'_id': 440, 'iso2': 'LT', 'iso3': 'LTU', 'lat': 56, 'long': 24, 'flag': 'https://disease.sh/assets/img/flags/lt.png'}",1397629,45,9897,0,1387174,56,558,0,525087,3718,10540357,3959997,2661708,Europe,2,269,0,209.64,521159.35,0
1712162258473,Luxembourg,"{'_id': 442, 'iso2': 'LU', 'iso3': 'LUX', 'lat': 49.75, 'long': 6.1667, 'flag': 'https://disease.sh/assets/img/flags/lu.png'}",391232,0,1232,0,0,0,390000,0,609044,1918,4587145,7140959,642371,Europe,2,521,0,607125.79,0,0
1712162258599,MS Zaandam,"{'_id': None, 'iso2': None, 'iso3': None, 'lat': 0, 'long': 0, 'flag': 'https://disease.sh/assets/img/flags/unknown.png'}",9,0,2,0,7,0,0,0,0,0,0,0,0,,0,0,0,0,0,0
1712162258543,Macao,"{'_id': 446, 'iso2': 'MO', 'iso3': 'MAC', 'lat': 22.1667, 'long': 113.55, 'flag': 'https://disease.sh/assets/img/flags/mo.png'}",27303,0,123,0,3487,0,23693,0,40904,184,7850,11760,667490,Asia,24,5427,85,35495.66,5224.05,0
1712162258474,Macedonia,"{'_id': 807, 'iso2': 'MK', 'iso3': 'MKD', 'lat': 41.8333, 'long': 22, 'flag': 'https://disease.sh/assets/img/flags/mk.png'}",350567,0,9976,0,337068,0,3523,0,168436,4793,2226216,1069626,2081304,Europe,6,209,1,1692.69,161950.39,0
1712162258518,Madagascar,"{'_id': 450, 'iso2': 'MG', 'iso3': 'MDG', 'lat': -20, 'long': 47, 'flag': 'https://disease.sh/assets/img/flags/mg.png'}",68486,0,1426,0,66862,0,198,0,2347,49,531329,18210,29178077,Africa,426,20461,55,6.79,2291.51,0
1712162258507,Malawi,"{'_id': 454, 'iso2': 'MW', 'iso3': 'MWI', 'lat': -13.5, 'long': 34, 'flag': 'https://disease.sh/assets/img/flags/mw.png'}",89535,0,2686,0,0,0,86849,0,4437,133,624784,30959,20180839,Africa,225,7513,32,4303.54,0,0
1712162258379,Malaysia,"{'_id': 458, 'iso2': 'MY', 'iso3': 'MYS', 'lat': 2.5, 'long': 112.5, 'flag': 'https://disease.sh/assets/img/flags/my.png'}",5278406,51,37348,0,5233268,56,7790,11,159079,1126,68580916,2066869,33181072,Asia,6,888,0,234.77,157718.47,0.33
1712162258492,Maldives,"{'_id': 462, 'iso2': 'MV', 'iso3': 'MDV', 'lat': 3.25, 'long': 73, 'flag': 'https://disease.sh/assets/img/flags/mv.png'}",186694,0,316,0,163687,0,22691,25,345100,584,2213831,4092223,540985,Asia,3,1712,0,41943.86,302572.16,46.21
1712162258538,Mali,"{'_id': 466, 'iso2': 'ML', 'iso3': 'MLI', 'lat': 17, 'long': -4, 'flag': 'https://disease.sh/assets/img/flags/ml.png'}",33164,0,743,0,32332,0,89,0,1544,35,804909,37483,21473764,Africa,648,28901,27,4.14,1505.65,0
1712162258500,Malta,"{'_id': 470, 'iso2': 'MT', 'iso3': 'MLT', 'lat': 35.8333, 'long': 14.5833, 'flag': 'https://disease.sh/assets/img/flags/mt.png'}",121420,0,885,0,120149,0,386,0,273448,1993,2170600,4888375,444033,Europe,4,502,0,869.3,270585.74,0
1712162258559,Marshall Islands,"{'_id': 584, 'iso2': 'MH', 'iso3': 'MHL', 'lat': 9, 'long': 168, 'flag': 'https://disease.sh/assets/img/flags/mh.png'}",16138,0,17,0,16121,0,0,0,268711,283,0,0,60057,Australia-Oceania,4,3533,0,0,268428.33,0
1712162258486,Martinique,"{'_id': 474, 'iso2': 'MQ', 'iso3': 'MTQ', 'lat': 14.6667, 'long': -61, 'flag': 'https://disease.sh/assets/img/flags/mq.png'}",230354,0,1102,0,0,0,229252,0,615777,2946,828928,2215870,374087,North America,2,339,0,612830.71,0,0
1712162258521,Mauritania,"{'_id': 478, 'iso2': 'MR', 'iso3': 'MRT', 'lat': 20, 'long': -12, 'flag': 'https://disease.sh/assets/img/flags/mr.png'}",63848,0,997,0,62471,0,380,0,13025,203,1009957,206030,4901981,Africa,77,4917,5,77.52,12744.03,0
1712162258530,Mauritius,"{'_id': 480, 'iso2': 'MU', 'iso3': 'MUS', 'lat': -20.2833, 'long': 57.55, 'flag': 'https://disease.sh/assets/img/flags/mu.png'}",43025,0,1051,0,41278,0,696,0,33752,824,358675,281374,1274727,Africa,30,1213,4,546,32381.84,0
1712162258531,Mayotte,"{'_id': 175, 'iso2': 'YT', 'iso3': 'MYT', 'lat': -12.8333, 'long': 45.1667, 'flag': 'https://disease.sh/assets/img/flags/yt.png'}",42027,0,188,0,0,0,41839,0,146815,657,176919,618038,286259,Africa,7,1523,2,146157.85,0,0
1712162258357,Mexico,"{'_id': 484, 'iso2': 'MX', 'iso3': 'MEX', 'lat': 23, 'long': -102, 'flag': 'https://disease.sh/assets/img/flags/mx.png'}",7702809,0,334958,0,6899865,0,467986,0,58549,2546,20013810,152124,131562772,North America,17,393,7,3557.13,52445.42,0
1712162258544,Micronesia,"{'_id': 583, 'iso2': 'FM', 'iso3': 'FSM', 'lat': 6.9167, 'long': 158.25, 'flag': 'https://disease.sh/assets/img/flags/fm.png'}",26547,0,65,0,0,0,26482,0,225953,553,82430,701598,117489,Australia-Oceania,4,1808,1,225399.82,0,0
1712162258460,Moldova,"{'_id': 498, 'iso2': 'MD', 'iso3': 'MDA', 'lat': 47, 'long': 29, 'flag': 'https://disease.sh/assets/img/flags/md.png'}",635145,0,12218,0,0,0,622927,0,158265,3044,3216305,801437,4013171,Europe,6,328,1,155220.65,0,0
1712162258556,Monaco,"{'_id': 492, 'iso2': 'MC', 'iso3': 'MCO', 'lat': 43.7333, 'long': 7.4, 'flag': 'https://disease.sh/assets/img/flags/mc.png'}",17181,0,67,0,0,0,17114,0,431868,1684,78646,1976875,39783,Europe,2,594,1,430183.75,0,0
1712162258446,Mongolia,"{'_id': 496, 'iso2': 'MN', 'iso3': 'MNG', 'lat': 46, 'long': 105, 'flag': 'https://disease.sh/assets/img/flags/mn.png'}",1011496,0,2284,0,1009212,0,0,0,299429,676,4030048,1193000,3378078,Asia,3,1479,1,0,298753.31,0
1712162258479,Montenegro,"{'_id': 499, 'iso2': 'ME', 'iso3': 'MNE', 'lat': 42, 'long': 19, 'flag': 'https://disease.sh/assets/img/flags/me.png'}",296526,0,2846,0,291794,0,1886,0,472213,4532,2769281,4410034,627950,Europe,2,221,0,3003.42,464677.12,0
1712162258593,Montserrat,"{'_id': 500, 'iso2': 'MS', 'iso3': 'MSR', 'lat': 16.75, 'long': -62.2, 'flag': 'https://disease.sh/assets/img/flags/ms.png'}",1403,0,8,0,1376,0,19,0,282578,1611,17762,3577442,4965,North America,4,621,0,3826.79,277139.98,0
1712162258434,Morocco,"{'_id': 504, 'iso2': 'MA', 'iso3': 'MAR', 'lat': 32, 'long': -5, 'flag': 'https://disease.sh/assets/img/flags/ma.png'}",1278992,0,16303,0,0,0,1262689,0,33860,432,13001033,344191,37772756,Africa,30,2317,3,33428.56,0,0
1712162258484,Mozambique,"{'_id': 508, 'iso2': 'MZ', 'iso3': 'MOZ', 'lat': -18.25, 'long': 35, 'flag': 'https://disease.sh/assets/img/flags/mz.png'}",233731,0,2250,0,228805,0,2676,11,7064,68,1371127,41437,33089461,Africa,142,14706,24,80.87,6914.74,0.33
1712162258459,Myanmar,"{'_id': 104, 'iso2': 'MM', 'iso3': 'MMR', 'lat': 22, 'long': 98, 'flag': 'https://disease.sh/assets/img/flags/mm.png'}",641873,0,19495,0,620159,0,2219,0,11622,353,11711514,212061,55227143,Asia,86,2833,5,40.18,11229.24,0
1712162258388,N. Korea,"{'_id': 408, 'iso2': 'KP', 'iso3': 'PRK', 'lat': 40, 'long': 127, 'flag': 'https://disease.sh/assets/img/flags/kp.png'}",4772813,0,74,0,4772739,0,0,0,183636,3,0,0,25990679,Asia,5,351225,0,0,183632.72,0
1712162258493,Namibia,"{'_id': 516, 'iso2': 'NA', 'iso3': 'NAM', 'lat': -22, 'long': 17, 'flag': 'https://disease.sh/assets/img/flags/na.png'}",172389,0,4106,0,167099,0,1184,0,65451,1559,1062663,403460,2633874,Africa,15,641,2,449.53,63442.29,0
1712162258586,Nauru,"{'_id': 520, 'iso2': 'NR', 'iso3': 'NRU', 'lat': -0.5333, 'long': 166.9167, 'flag': 'https://disease.sh/assets/img/flags/nr.png'}",5393,0,1,0,5347,0,45,0,494635,92,20509,1881042,10903,Australia-Oceania,2,10903,1,4127.3,490415.48,0
1712162258447,Nepal,"{'_id': 524, 'iso2': 'NP', 'iso3': 'NPL', 'lat': 28, 'long': 84, 'flag': 'https://disease.sh/assets/img/flags/np.png'}",1003450,0,12031,0,991322,0,97,0,33199,398,6047766,200088,30225582,Asia,30,2512,5,3.21,32797.45,0
1712162258354,Netherlands,"{'_id': 528, 'iso2': 'NL', 'iso3': 'NLD', 'lat': 52.5, 'long': 5.75, 'flag': 'https://disease.sh/assets/img/flags/nl.png'}",8635591,0,22992,0,8612069,0,530,0,501735,1336,25984435,1509718,17211447,Europe,2,749,1,30.79,500368.68,0
1712162258513,New Caledonia,"{'_id': 540, 'iso2': 'NC', 'iso3': 'NCL', 'lat': -21.5, 'long': 165.5, 'flag': 'https://disease.sh/assets/img/flags/nc.png'}",80064,0,314,0,0,0,79750,0,275214,1079,98964,340182,290915,Australia-Oceania,4,926,3,274135.06,0,0
1712162258411,New Zealand,"{'_id': 554, 'iso2': 'NZ', 'iso3': 'NZL', 'lat': -41, 'long': 174, 'flag': 'https://disease.sh/assets/img/flags/nz.png'}",2617712,0,5686,0,2609755,0,2271,0,534423,1161,7768604,1586011,4898203,Australia-Oceania,2,861,1,463.64,532798.46,0
1712162258553,Nicaragua,"{'_id': 558, 'iso2': 'NI', 'iso3': 'NIC', 'lat': 13, 'long': -85, 'flag': 'https://disease.sh/assets/img/flags/ni.png'}",18491,0,225,0,4225,0,14041,0,2728,33,0,0,6779100,North America,367,30129,0,2071.22,623.24,0
1712162258572,Niger,"{'_id': 562, 'iso2': 'NE', 'iso3': 'NER', 'lat': 16, 'long': 8, 'flag': 'https://disease.sh/assets/img/flags/ne.png'}",9931,0,312,0,8890,0,729,1,381,12,254538,9759,26083660,Africa,2626,83601,102,27.95,340.83,0.04
1712162258481,Nigeria,"{'_id': 566, 'iso2': 'NG', 'iso3': 'NGA', 'lat': 10, 'long': 8, 'flag': 'https://disease.sh/assets/img/flags/ng.png'}",267188,0,3155,0,259953,0,4080,11,1233,15,5708974,26339,216746934,Africa,811,68700,38,18.82,1199.34,0.05
1712162258594,Niue,"{'_id': 570, 'iso2': 'NU', 'iso3': 'NIU', 'lat': -19.0333, 'long': -169.8667, 'flag': 'https://disease.sh/assets/img/flags/nu.png'}",1059,0,0,0,1056,0,3,0,652898,0,0,0,1622,Australia-Oceania,2,0,0,1849.57,651048.09,0
1712162258427,Norway,"{'_id': 578, 'iso2': 'NO', 'iso3': 'NOR', 'lat': 62, 'long': 10, 'flag': 'https://disease.sh/assets/img/flags/no.png'}",1509732,0,6638,0,1503094,0,0,0,273930,1204,11002430,1996315,5511370,Europe,4,830,1,0,272726.02,0
1712162258472,Oman,"{'_id': 512, 'iso2': 'OM', 'iso3': 'OMN', 'lat': 21, 'long': 57, 'flag': 'https://disease.sh/assets/img/flags/om.png'}",399449,0,4628,0,0,0,394821,0,75028,869,25000000,4695724,5323993,Asia,13,1150,0,74158.81,0,0
1712162258425,Pakistan,"{'_id': 586, 'iso2': 'PK', 'iso3': 'PAK', 'lat': 30, 'long': 70, 'flag': 'https://disease.sh/assets/img/flags/pk.png'}",1581936,0,30664,0,1538689,0,12583,0,6893,134,30589153,133292,229488994,Asia,145,7484,8,54.83,6704.85,0
1712162258584,Palau,"{'_id': 585, 'iso2': 'PW', 'iso3': 'PLW', 'lat': 7.5, 'long': 134.5, 'flag': 'https://disease.sh/assets/img/flags/pw.png'}",6290,0,10,0,6276,0,4,0,344979,548,71434,3917841,18233,Australia-Oceania,3,1823,0,219.38,344211.05,0
1712162258462,Palestine,"{'_id': 275, 'iso2': 'PS', 'iso3': 'PSE', 'lat': 32, 'long': 35.25, 'flag': 'https://disease.sh/assets/img/flags/ps.png'}",621008,0,5404,0,615445,0,159,0,116173,1011,3078533,575907,5345541,Asia,9,989,2,29.74,115132.41,0
1712162258443,Panama,"{'_id': 591, 'iso2': 'PA', 'iso3': 'PAN', 'lat': 9, 'long': -80, 'flag': 'https://disease.sh/assets/img/flags/pa.png'}",1059893,0,8727,0,1051102,0,64,16,238341,1962,7882622,1772585,4446964,North America,4,510,1,14.39,236363.96,3.6
1712162258527,Papua New Guinea,"{'_id': 598, 'iso2': 'PG', 'iso3': 'PNG', 'lat': -6, 'long': 147, 'flag': 'https://disease.sh/assets/img/flags/pg.png'}",46864,0,670,0,46168,0,26,0,5043,72,249149,26813,9292169,Australia-Oceania,198,13869,37,2.8,4968.48,0
1712162258452,Paraguay,"{'_id': 600, 'iso2': 'PY', 'iso3': 'PRY', 'lat': -23, 'long': -58, 'flag': 'https://disease.sh/assets/img/flags/py.png'}",837602,0,20155,0,0,0,817447,0,114648,2759,2657506,363751,7305843,South America,9,362,3,111889.48,0,0
1712162258394,Peru,"{'_id': 604, 'iso2': 'PE', 'iso3': 'PER', 'lat': -10, 'long': -76, 'flag': 'https://disease.sh/assets/img/flags/pe.png'}",4572667,0,222161,0,4350506,0,0,4,135751,6595,39010194,1158115,33684208,South America,7,152,1,0,129155.66,0.12
1712162258398,Philippines,"{'_id': 608, 'iso2': 'PH', 'iso3': 'PHL', 'lat': 13, 'long': 122, 'flag': 'https://disease.sh/assets/img/flags/ph.png'}",4140383,0,66864,0,4067381,0,6138,0,36800,594,36102746,320888,112508994,Asia,27,1683,3,54.56,36151.61,0
1712162258364,Poland,"{'_id': 616, 'iso2': 'PL', 'iso3': 'POL', 'lat': 52, 'long': 20, 'flag': 'https://disease.sh/assets/img/flags/pl.png'}",6661991,51,120598,1,0,0,6541393,0,176524,3196,39323709,1041970,37739785,Europe,6,313,1,173328.84,0,0
1712162258372,Portugal,"{'_id': 620, 'iso2': 'PT', 'iso3': 'PRT', 'lat': 39.5, 'long': -8, 'flag': 'https://disease.sh/assets/img/flags/pt.png'}",5642928,0,28116,0,5614717,0,95,61,556470,2773,46139518,4549993,10140570,Europe,2,361,0,9.37,553688.5,6.02
1712162258465,Qatar,"{'_id': 634, 'iso2': 'QA', 'iso3': 'QAT', 'lat': 25.5, 'long': 51.25, 'flag': 'https://disease.sh/assets/img/flags/qa.png'}",514524,0,690,0,513687,0,147,16,172664,232,4065369,1364257,2979915,Asia,6,4319,1,49.33,172383.1,5.37
1712162258402,Romania,"{'_id': 642, 'iso2': 'RO', 'iso3': 'ROU', 'lat': 46, 'long': 25, 'flag': 'https://disease.sh/assets/img/flags/ro.png'}",3529078,0,68924,0,3459313,0,841,33,185435,3622,28730020,1509617,19031335,Europe,5,276,1,44.19,181769.33,1.73
1712162258337,Russia,"{'_id': 643, 'iso2': 'RU', 'iso3': 'RUS', 'lat': 60, 'long': 100, 'flag': 'https://disease.sh/assets/img/flags/ru.png'}",24104261,0,402687,0,23524294,0,177280,0,165317,2762,273400000,1875095,145805947,Europe,6,362,1,1215.86,161339.74,0
1712162258498,Rwanda,"{'_id': 646, 'iso2': 'RW', 'iso3': 'RWA', 'lat': -2, 'long': 30, 'flag': 'https://disease.sh/assets/img/flags/rw.png'}",133518,0,1468,0,132039,0,11,0,9817,108,6021981,442778,13600464,Africa,102,9265,2,0.81,9708.42,0
1712162258468,Réunion,"{'_id': 638, 'iso2': 'RE', 'iso3': 'REU', 'lat': -21.1, 'long': 55.6, 'flag': 'https://disease.sh/assets/img/flags/re.png'}",494595,0,921,0,0,0,493674,0,544672,1014,1603660,1766027,908061,Africa,2,986,1,543657.31,0,0
1712162258331,S. Korea,"{'_id': 410, 'iso2': 'KR', 'iso3': 'KOR', 'lat': 37, 'long': 127.5, 'flag': 'https://disease.sh/assets/img/flags/kr.png'}",34571873,0,35934,0,34535939,0,0,0,673523,700,15804065,307892,51329899,Asia,1,1428,3,0,672823.05,0
1712162258592,Saint Helena,"{'_id': 654, 'iso2': 'SH', 'iso3': 'SHN', 'lat': -15.9333, 'long': -5.7, 'flag': 'https://disease.sh/assets/img/flags/sh.png'}",2166,0,0,0,2,0,2164,0,354211,0,0,0,6115,Africa,3,0,0,353883.89,327.06,0
1712162258583,Saint Kitts and Nevis,"{'_id': 659, 'iso2': 'KN', 'iso3': 'KNA', 'lat': 17.3333, 'long': -62.75, 'flag': 'https://disease.sh/assets/img/flags/kn.png'}",6607,0,48,0,6559,0,0,0,122645,891,126958,2356704,53871,North America,8,1122,0,0,121753.82,0
1712162258540,Saint Lucia,"{'_id': 662, 'iso2': 'LC', 'iso3': 'LCA', 'lat': 13.8833, 'long': -61.1333, 'flag': 'https://disease.sh/assets/img/flags/lc.png'}",30215,0,410,0,29805,0,0,0,163225,2215,210983,1139752,185113,North America,6,451,1,0,161009.76,0
1712162258565,Saint Martin,"{'_id': 663, 'iso2': 'MF', 'iso3': 'MAF', 'lat': 18.11, 'long': -63.03, 'flag': 'https://disease.sh/assets/img/flags/mf.png'}",12324,0,63,0,0,0,12261,0,310194,1586,112382,2828643,39730,North America,3,631,0,308608.1,0,0
1712162258590,Saint Pierre Miquelon,"{'_id': 666, 'iso2': 'PM', 'iso3': 'SPM', 'lat': 46.8333, 'long': -56.3333, 'flag': 'https://disease.sh/assets/img/flags/pm.png'}",3452,0,2,0,2449,0,1001,0,599410,347,25400,4410488,5759,North America,2,2880,0,173814.9,425247.44,0
1712162258573,Saint Vincent and the Grenadines,"{'_id': 670, 'iso2': 'VC', 'iso3': 'VCT', 'lat': 13.25, 'long': -61.2, 'flag': 'https://disease.sh/assets/img/flags/vc.png'}",9674,0,124,0,9493,0,57,0,86723,1112,114197,1023720,111551,North America,12,900,1,510.98,85100.09,0
1712162258557,Samoa,"{'_id': 882, 'iso2': 'WS', 'iso3': 'WSM', 'lat': -13.5833, 'long': -172.3333, 'flag': 'https://disease.sh/assets/img/flags/ws.png'}",17006,0,31,0,1605,0,15370,0,84089,153,187397,926612,202239,Australia-Oceania,12,6524,1,75999.19,7936.15,0
1712162258544,San Marino,"{'_id': 674, 'iso2': 'SM', 'iso3': 'SMR', 'lat': 43.7667, 'long': 12.4167, 'flag': 'https://disease.sh/assets/img/flags/sm.png'}",26185,0,128,0,26011,0,46,0,768226,3755,196855,5775414,34085,Europe,1,266,0,1349.57,763121.61,0
1712162258581,Sao Tome and Principe,"{'_id': 678, 'iso2': 'ST', 'iso3': 'STP', 'lat': 1, 'long': 7, 'flag': 'https://disease.sh/assets/img/flags/st.png'}",6765,0,80,0,6679,0,6,0,29713,351,29600,130008,227679,Africa,34,2846,8,26.35,29335.16,0
1712162258450,Saudi Arabia,"{'_id': 682, 'iso2': 'SA', 'iso3': 'SAU', 'lat': 25, 'long': 45, 'flag': 'https://disease.sh/assets/img/flags/sa.png'}",841469,0,9646,0,0,0,831823,0,23475,269,45481735,1268848,35844909,Asia,43,3716,1,23206.17,0,0
1712162258508,Senegal,"{'_id': 686, 'iso2': 'SN', 'iso3': 'SEN', 'lat': 14, 'long': -14, 'flag': 'https://disease.sh/assets/img/flags/sn.png'}",89053,0,1971,0,87024,0,58,0,5044,112,1146543,64946,17653671,Africa,198,8957,15,3.29,4929.51,0
1712162258412,Serbia,"{'_id': 688, 'iso2': 'RS', 'iso3': 'SRB', 'lat': 44, 'long': 21, 'flag': 'https://disease.sh/assets/img/flags/rs.png'}",2614878,0,18057,0,2596608,117,213,0,302193,2087,13455246,1554978,8653016,Europe,3,479,1,24.62,300081.27,0
1712162258524,Seychelles,"{'_id': 690, 'iso2': 'SC', 'iso3': 'SYC', 'lat': -4.5833, 'long': 55.6667, 'flag': 'https://disease.sh/assets/img/flags/sc.png'}",51220,0,172,0,51048,0,0,0,515157,1730,0,0,99426,Africa,2,578,0,0,513427.07,0
1712162258577,Sierra Leone,"{'_id': 694, 'iso2': 'SL', 'iso3': 'SLE', 'lat': 8.5, 'long': -11.5, 'flag': 'https://disease.sh/assets/img/flags/sl.png'}",7779,0,126,0,0,0,7653,0,937,15,259958,31296,8306436,Africa,1068,65924,32,921.33,0,0
1712162258406,Singapore,"{'_id': 702, 'iso2': 'SG', 'iso3': 'SGP', 'lat': 1.3667, 'long': 103.8, 'flag': 'https://disease.sh/assets/img/flags/sg.png'}",3006155,0,2024,0,3004131,0,0,4,505785,341,24756666,4165302,5943546,Asia,2,2937,0,0,505444.22,0.67
1712162258570,Sint Maarten,"{'_id': 534, 'iso2': 'SX', 'iso3': 'SXM', 'lat': 18.02, 'long': -63.06, 'flag': 'https://disease.sh/assets/img/flags/sx.png'}",11051,0,92,0,10905,0,54,0,251353,2093,62056,1411454,43966,North America,4,478,1,1228.22,248032.57,0
1712162258418,Slovakia,"{'_id': 703, 'iso2': 'SK', 'iso3': 'SVK', 'lat': 48.6667, 'long': 19.5, 'flag': 'https://disease.sh/assets/img/flags/sk.png'}",1877605,0,21224,0,1856381,0,0,23,343872,3887,7448789,1364199,5460193,Europe,3,257,1,0,339984.5,4.21
1712162258430,Slovenia,"{'_id': 705, 'iso2': 'SI', 'iso3': 'SVN', 'lat': 46, 'long': 15, 'flag': 'https://disease.sh/assets/img/flags/si.png'}",1356533,4,7100,0,1349387,0,46,0,652796,3417,2847701,1370382,2078034,Europe,2,293,1,22.14,649357.52,0
1712162258545,Solomon Islands,"{'_id': 90, 'iso2': 'SB', 'iso3': 'SLB', 'lat': -8, 'long': 159, 'flag': 'https://disease.sh/assets/img/flags/sb.png'}",25954,0,199,0,0,0,25755,0,35989,276,0,0,721159,Australia-Oceania,28,3624,0,35713.34,0,0
1712162258542,Somalia,"{'_id': 706, 'iso2': 'SO', 'iso3': 'SOM', 'lat': 10, 'long': 49, 'flag': 'https://disease.sh/assets/img/flags/so.png'}",27334,0,1361,0,13182,0,12791,0,1623,81,400466,23778,16841795,Africa,616,12375,42,759.48,782.7,0
1712162258400,South Africa,"{'_id': 710, 'iso2': 'ZA', 'iso3': 'ZAF', 'lat': -29, 'long': 24, 'flag': 'https://disease.sh/assets/img/flags/za.png'}",4076463,0,102595,0,3912506,0,61362,192,67095,1689,26795090,441027,60756135,Africa,15,592,2,1009.97,64396.89,3.16
1712162258552,South Sudan,"{'_id': 728, 'iso2': 'SS', 'iso3': 'SSD', 'lat': 6.8769, 'long': 31.3069, 'flag': 'https://disease.sh/assets/img/flags/ss.png'}",18819,0,147,0,18115,0,557,1,1620,13,410280,35313,11618511,Africa,617,79037,28,47.94,1559.15,0.09
1712162258339,Spain,"{'_id': 724, 'iso2': 'ES', 'iso3': 'ESP', 'lat': 40, 'long': -4, 'flag': 'https://disease.sh/assets/img/flags/es.png'}",13914811,0,121760,0,13762417,0,30634,231,297840,2606,471036328,10082298,46719142,Europe,3,384,0,655.71,294577.69,4.94
1712162258457,Sri Lanka,"{'_id': 144, 'iso2': 'LK', 'iso3': 'LKA', 'lat': 7, 'long': 81, 'flag': 'https://disease.sh/assets/img/flags/lk.png'}",672754,0,16897,0,655852,0,5,0,31181,783,6486117,300619,21575842,Asia,32,1277,3,0.23,30397.52,0
1712162258585,St. Barth,"{'_id': 652, 'iso2': 'BL', 'iso3': 'BLM', 'lat': 17.89, 'long': -62.82, 'flag': 'https://disease.sh/assets/img/flags/bl.png'}",5507,0,6,0,0,0,5501,0,553746,603,78646,7908095,9945,North America,2,1658,0,553142.28,0,0
1712162258520,Sudan,"{'_id': 729, 'iso2': 'SD', 'iso3': 'SDN', 'lat': 15, 'long': 30, 'flag': 'https://disease.sh/assets/img/flags/sd.png'}",63993,0,5046,0,58947,0,0,0,1391,110,562941,12240,45992020,Africa,719,9115,82,0,1281.68,0
1712162258512,Suriname,"{'_id': 740, 'iso2': 'SR', 'iso3': 'SUR', 'lat': 4, 'long': -56, 'flag': 'https://disease.sh/assets/img/flags/sr.png'}",82588,0,1408,0,0,0,81180,0,138378,2359,242207,405822,596831,South America,7,424,2,136018.4,0,0
1712162258514,Swaziland,"{'_id': 748, 'iso2': 'SZ', 'iso3': 'SWZ', 'lat': -26.5, 'long': 31.5, 'flag': 'https://disease.sh/assets/img/flags/sz.png'}",75191,0,1427,0,73116,0,648,0,63462,1204,1048704,885119,1184817,Africa,16,830,1,546.92,61710.8,0
1712162258409,Sweden,"{'_id': 752, 'iso2': 'SE', 'iso3': 'SWE', 'lat': 62, 'long': 15, 'flag': 'https://disease.sh/assets/img/flags/se.png'}",2753953,0,27390,0,2726334,18,229,0,269494,2680,19500873,1908301,10218971,Europe,4,373,1,22.41,266791.44,0
1712162258396,Switzerland,"{'_id': 756, 'iso2': 'CH', 'iso3': 'CHE', 'lat': 47, 'long': 8, 'flag': 'https://disease.sh/assets/img/flags/ch.png'}",4452755,0,14452,0,4438155,223,148,0,507515,1647,23833472,2716487,8773637,Europe,2,607,0,16.87,505851.22,0
1712162258522,Syrian Arab Republic,"{'_id': 760, 'iso2': 'SY', 'iso3': 'SYR', 'lat': 35, 'long': 38, 'flag': 'https://disease.sh/assets/img/flags/sy.png'}",57743,0,3165,0,54578,0,0,0,2982,163,146269,7553,19364809,Asia,335,6118,132,0,2818.41,0
1712162258351,Taiwan,"{'_id': 158, 'iso2': 'TW', 'iso3': 'TWN', 'lat': 23.5, 'long': 121, 'flag': 'https://disease.sh/assets/img/flags/tw.png'}",10241523,0,19005,0,10222518,0,0,0,428720,796,30742304,1286903,23888595,Asia,2,1257,1,0,427924.62,0
1712162258554,Tajikistan,"{'_id': 762, 'iso2': 'TJ', 'iso3': 'TJK', 'lat': 39, 'long': 71, 'flag': 'https://disease.sh/assets/img/flags/tj.png'}",17786,0,125,0,17264,0,397,0,1786,13,0,0,9957464,Asia,560,79660,0,39.87,1733.77,0
1712162258529,Tanzania,"{'_id': 834, 'iso2': 'TZ', 'iso3': 'TZA', 'lat': -6, 'long': 35, 'flag': 'https://disease.sh/assets/img/flags/tz.png'}",43223,0,846,0,0,0,42377,0,683,13,0,0,63298550,Africa,1464,74821,0,669.48,0,0
1712162258390,Thailand,"{'_id': 764, 'iso2': 'TH', 'iso3': 'THA', 'lat': 15, 'long': 100, 'flag': 'https://disease.sh/assets/img/flags/th.png'}",4769277,0,34581,0,4692636,0,42060,0,68056,493,17273454,246488,70078203,Asia,15,2026,4,600.19,66962.85,0
1712162258547,Timor-Leste,"{'_id': 626, 'iso2': 'TL', 'iso3': 'TLS', 'lat': -8.55, 'long': 125.5167, 'flag': 'https://disease.sh/assets/img/flags/tl.png'}",23460,0,138,0,23102,0,220,0,17131,101,278529,203391,1369429,Asia,58,9923,5,160.65,16869.8,0
1712162258532,Togo,"{'_id': 768, 'iso2': 'TG', 'iso3': 'TGO', 'lat': 8, 'long': 1.1667, 'flag': 'https://disease.sh/assets/img/flags/tg.png'}",39572,0,290,0,39281,0,1,0,4559,33,815204,93908,8680837,Africa,219,29934,11,0.12,4525.02,0
1712162258596,Tokelau,"{'_id': 772, 'iso2': 'TK', 'iso3': 'TKL', 'lat': -9, 'long': -172, 'flag': 'https://disease.sh/assets/img/flags/tk.png'}",80,0,0,0,0,0,80,0,58055,0,0,0,1378,Australia-Oceania,17,0,0,58055.15,0,0
1712162258558,Tonga,"{'_id': 776, 'iso2': 'TO', 'iso3': 'TON', 'lat': -20, 'long': -175, 'flag': 'https://disease.sh/assets/img/flags/to.png'}",16950,0,13,0,15638,0,1299,0,157310,121,535009,4965327,107749,Australia-Oceania,6,8288,0,12055.8,145133.6,0
1712162258491,Trinidad and Tobago,"{'_id': 780, 'iso2': 'TT', 'iso3': 'TTO', 'lat': 11, 'long': -61, 'flag': 'https://disease.sh/assets/img/flags/tt.png'}",191496,0,4390,0,187078,0,28,0,136143,3121,913289,649295,1406585,North America,7,320,2,19.91,133001.56,0
1712162258438,Tunisia,"{'_id': 788, 'iso2': 'TN', 'iso3': 'TUN', 'lat': 34, 'long': 9, 'flag': 'https://disease.sh/assets/img/flags/tn.png'}",1153361,0,29423,0,0,0,1123938,0,95741,2442,5013383,416164,12046656,Africa,10,409,2,93298.75,0,0
1712162258338,Turkey,"{'_id': 792, 'iso2': 'TR', 'iso3': 'TUR', 'lat': 39, 'long': 35, 'flag': 'https://disease.sh/assets/img/flags/tr.png'}",17232066,0,102174,0,0,0,17129892,0,201399,1194,162743369,1902052,85561976,Asia,5,837,1,200204.49,0,0
1712162258582,Turks and Caicos Islands,"{'_id': 796, 'iso2': 'TC', 'iso3': 'TCA', 'lat': 21.75, 'long': -71.5833, 'flag': 'https://disease.sh/assets/img/flags/tc.png'}",6752,0,40,0,6709,0,3,4,169900,1007,616788,15520193,39741,North America,6,994,0,75.49,168818.1,100.65
1712162258591,Tuvalu,"{'_id': 798, 'iso2': 'TV', 'iso3': 'TUV', 'lat': -8, 'long': 178, 'flag': 'https://disease.sh/assets/img/flags/tv.png'}",2943,0,1,0,0,0,2942,0,243909,83,0,0,12066,Australia-Oceania,4,12066,0,243825.63,0,0
1712162258442,UAE,"{'_id': 784, 'iso2': 'AE', 'iso3': 'ARE', 'lat': 24, 'long': 54, 'flag': 'https://disease.sh/assets/img/flags/ae.png'}",1067030,0,2349,0,0,0,1064681,0,105837,233,200732262,19910389,10081785,Asia,9,4292,0,105604.41,0,0
1712162258335,UK,"{'_id': 826, 'iso2': 'GB', 'iso3': 'GBR', 'lat': 54, 'long': -2, 'flag': 'https://disease.sh/assets/img/flags/gb.png'}",24910387,0,232112,0,24676614,0,1661,0,363666,3389,522526476,7628357,68497907,Europe,3,295,0,24.25,360253.55,0
1712162258321,USA,"{'_id': 840, 'iso2': 'US', 'iso3': 'USA', 'lat': 38, 'long': -97, 'flag': 'https://disease.sh/assets/img/flags/us.png'}",111769834,0,1218856,0,109712052,0,838926,1058,333835,3640,1186851502,3544901,334805269,North America,3,275,0,2505.71,327689.14,3.16
1712162258494,Uganda,"{'_id': 800, 'iso2': 'UG', 'iso3': 'UGA', 'lat': 1, 'long': 32, 'flag': 'https://disease.sh/assets/img/flags/ug.png'}",172149,0,3632,0,100431,0,68086,0,3554,75,3012408,62198,48432863,Africa,281,13335,16,1405.78,2073.61,0
1712162258374,Ukraine,"{'_id': 804, 'iso2': 'UA', 'iso3': 'UKR', 'lat': 49, 'long': 32, 'flag': 'https://disease.sh/assets/img/flags/ua.png'}",5557995,0,112418,0,5445577,0,0,0,128681,2603,32603805,754855,43192122,Europe,8,384,1,0,126078.01,0
1712162258444,Uruguay,"{'_id': 858, 'iso2': 'UY', 'iso3': 'URY', 'lat': -33, 'long': -56, 'flag': 'https://disease.sh/assets/img/flags/uy.png'}",1041111,0,7664,0,1030944,0,2503,18,297799,2192,6114822,1749083,3496016,South America,3,456,1,715.96,294891.1,5.15
1712162258483,Uzbekistan,"{'_id': 860, 'iso2': 'UZ', 'iso3': 'UZB', 'lat': 41, 'long': 64, 'flag': 'https://disease.sh/assets/img/flags/uz.png'}",253662,0,1637,0,241486,0,10539,23,7378,48,1377915,40077,34382084,Asia,136,21003,25,306.53,7023.6,0.67
1712162258566,Vanuatu,"{'_id': 548, 'iso2': 'VU', 'iso3': 'VUT', 'lat': -16, 'long': 167, 'flag': 'https://disease.sh/assets/img/flags/vu.png'}",12019,0,14,0,11976,0,29,0,37346,44,24976,77606,321832,Australia-Oceania,27,22988,13,90.11,37211.96,0
1712162258463,Venezuela,"{'_id': 862, 'iso2': 'VE', 'iso3': 'VEN', 'lat': 8, 'long': -66, 'flag': 'https://disease.sh/assets/img/flags/ve.png'}",552695,0,5856,0,546537,0,302,31,18885,200,3359014,114771,29266991,South America,53,4998,9,10.32,18674.18,1.06
1712162258342,Vietnam,"{'_id': 704, 'iso2': 'VN', 'iso3': 'VNM', 'lat': 21, 'long': 105.8, 'flag': 'https://disease.sh/assets/img/flags/vn.png'}",11625195,0,43206,0,10640971,0,941018,0,117481,437,85826548,867342,98953541,Asia,9,2290,1,9509.7,107535.02,0
1712162258589,Wallis and Futuna,"{'_id': 876, 'iso2': 'WF', 'iso3': 'WLF', 'lat': -13.3, 'long': -176.2, 'flag': 'https://disease.sh/assets/img/flags/wf.png'}",3550,0,8,0,438,0,3104,0,323256,728,20508,1867419,10982,Australia-Oceania,3,1373,1,282644.33,39883.45,0
1712162258598,Western Sahara,"{'_id': 732, 'iso2': 'EH', 'iso3': 'ESH', 'lat': 24.5, 'long': -13, 'flag': 'https://disease.sh/assets/img/flags/eh.png'}",10,0,1,0,9,0,0,0,16,2,0,0,626161,Africa,62616,626161,0,0,14.37,0
1712162258568,Yemen,"{'_id': 887, 'iso2': 'YE', 'iso3': 'YEM', 'lat': 15, 'long': 48, 'flag': 'https://disease.sh/assets/img/flags/ye.png'}",11945,0,2159,0,9124,0,662,0,383,69,329592,10579,31154867,Asia,2608,14430,95,21.25,292.86,0
1712162258475,Zambia,"{'_id': 894, 'iso2': 'ZM', 'iso3': 'ZMB', 'lat': -15, 'long': 30, 'flag': 'https://disease.sh/assets/img/flags/zm.png'}",349304,0,4069,0,341316,0,3919,0,17940,209,4112961,211244,19470234,Africa,56,4785,5,201.28,17530.14,0
1712162258482,Zimbabwe,"{'_id': 716, 'iso2': 'ZW', 'iso3': 'ZWE', 'lat': -20, 'long': 30, 'flag': 'https://disease.sh/assets/img/flags/zw.png'}",266359,0,5740,0,258888,0,1731,12,17373,374,2525756,164744,15331428,Africa,58,2671,6,112.91,16886.1,0.78
